{"cameraMode":{"drawMode":0,"name":"Shaded","section":"Shading Mode"},"sceneLighting":true,"audioPlay":false,"sceneViewState":{"showFog":true,"showMaterialUpdate":false,"showSkybox":true,"showFlares":true,"showImageEffects":true,"showParticleSystems":true},"in2DMode":false,"pivot":{"x":11.069940567016602,"y":-11.176687240600586,"z":-0.0839240550994873},"rotation":{"x":-0.2750360667705536,"y":-0.6432628631591797,"z":0.26690778136253359,"w":-0.6628484129905701},"size":16.49601936340332,"orthographic":false}